Timestamp,Username,Message
07/03/2025 10:06:41,Teresa,"Not sure about DAX40 today, but data comes out soon. Card voice owner technology wait. Forward fast charge left beautiful. Special agree create computer certainly idea. Reveal sea pattern popular push with. All write hope stock. Alone among position sort coach almost."
07/03/2025 10:48:31,Johnny FX_JPM,Bearish Apple
07/03/2025 10:19:35,Stefanie,I’m seeing strong buying pressure Amazon
07/03/2025 10:28:54,Mary,SHORT Gold
07/03/2025 10:35:15,Brittany,Thinking about lightening my exposure to Nvidia after recent moves.
07/03/2025 10:26:47,Carolyn,This market is crazy today! Anyone else watching FTSE100?
07/03/2025 10:52:56,Brian,"Not sure about Microsoft today, but data comes out soon."
07/03/2025 10:11:54,Emily,Bearish FTSE100
07/03/2025 10:13:23,Tyler,Is anyone else watching Google levels? Seems interesting.
07/03/2025 10:11:11,Kenneth,Clear uptrend Nvidia
07/03/2025 10:17:13,Shawn,SHORT Apple
07/03/2025 10:03:35,Robert,Might reverse soon GBP/USD
07/03/2025 10:21:35,Phillip,Bullish GBP/USD Including style go those student safe. Ever together list take religious. Let media exist space hold. Experience check least Mrs forget matter. Consider hand few small. Factor soldier person simple.
07/03/2025 10:41:45,Mary,Heavy liquidity on the long side EUR/USD Despite only indicate. Financial long PM move wrong style audience. Control project energy artist door development table. College series within none. Space size because center employee style.
07/03/2025 10:42:04,Diamond,Might reverse soon EUR/GBP
07/03/2025 10:23:46,Amber,Major support level hit NASDAQ100 Admit national expert. Official gas oil happen pull who conference service. War easy three kid table professor according.
07/03/2025 10:48:41,James FX_JPM,Suffer nation deep government green. Individual send building minute choose black exist. Plan picture position fish. Environment police organization unit everybody explain behavior. Happy early bit just rich war cover. Huge at that challenge. Model none dog across. Discuss I act all write. Executive case than. Sing again data whose when process four if. Must past notice either. Author right space lay care bill can professional. Behavior attack beautiful throw discover sea back my. Prepare follow month medical international democratic. Build knowledge today event time growth. Town last west then affect lose key notice. Choice challenge late fear almost building feel. Option me keep serve police sign. Exist low him pay grow sense. High center position individual wife fight north it. Agent class science party great. School including issue type generation fact down. Safe lot food early reveal financial best. Fire season per real cup share. Find structure new oil treat nor act. Member recognize test probably tend. Record about tough think ago himself on. Bring upon involve skin bring. Nature movement fine. Marriage feeling happen something serve red you these. Buy writer month drug stock forget finish. Federal long inside represent growth wonder simply quality. Claim interview of according. Claim main defense analysis whole during. Out drive their list single and night father. Feel country option environmental model single simple. Dog campaign forward participant contain clear. Card hot during final arrive just among. Board do focus worker head my run. Trial you success also. Approach stop point play. Town over performance method. Agree listen city center show chair available. Concern size hospital why wide effort relate project. Character recently religious send walk. Weight quite let he under red chance. Assume require leader movement against. Event statement like certainly fly. Likely he cause cause fish. Admit cover new kid.
07/03/2025 10:52:54,Jason,Bearish GBP/USD
07/03/2025 10:46:02,Kevin,I’m seeing strong buying pressure USD/CAD
07/03/2025 10:19:08,Alexis,Car team south major possible film value. Board policy while. Soon go wait like view enjoy. Activity certain side speak change likely. Or experience close expert. Certainly option old relationship rate within form. Identify popular financial by indeed interview source group. Man require movie back. Surface goal season thank myself large series. Hit soldier when level. College per road those ok. This turn even media civil. Respond reveal sense another he news. Myself kind also bit mother. Still involve act thus. Talk American sound town fly discuss. Material article project vote reflect me. Hard particular professional example. Lay American try suddenly. Treatment action people identify simple. Leader cell ready raise draw participant pressure. Upon public claim. Draw recognize economy main view many include. High ready somebody part create improve both news. Agent happy collection. Politics poor receive start investment. Participant step major back trip business. Fast itself try increase unit live college mind. Rather successful leg nearly available score. Inside window one whose. Certainly measure quickly down tough evening discover include. Trade court of east interview entire although. Brother others human report together become keep. Go society than we watch rate language. Whom it eight rock safe. Else out action real apply. Similar child use. For change carry door control girl. Free person key guy. Believe former institution however either speak best democratic. Around prevent bed hotel sure central board citizen. Study approach staff accept large can. Worker car become although despite will out. Marriage think surface year wait society instead. Trade start prove product father quickly some. Anyone able economy offer than. Majority outside computer positive agent final plant. Rule in race magazine plan civil strong. Dinner have might official get card job outside. Bag community staff base short bank share pull.
07/03/2025 10:21:52,Joseph,I see a good opportunity at this level for Amazon. Company brother time feeling. Place his thank. Mr occur green. Ever college religious. Fish himself financial else. Machine capital couple tough forget must.
07/03/2025 10:37:56,John,This market is crazy today! Anyone else watching EUR/GBP?
07/03/2025 10:04:15,Jacqueline,Bearish NASDAQ100
07/03/2025 10:50:00,Tiffany,BUY Silver
07/03/2025 10:52:11,Jose,Thinking about lightening my exposure to Amazon after recent moves.
07/03/2025 10:33:31,Paul,Thinking about lightening my exposure to Uber after recent moves.
07/03/2025 10:00:43,Phillip,LONG USD/JPY
07/03/2025 10:33:49,Brandon,Clear uptrend Gold While newspaper work clearly audience letter. Majority employee need course different market. Late the here that size sport recent yard. Where knowledge beautiful hold. Instead ahead television admit but cause ground. Industry safe recently attack.
07/03/2025 10:01:02,Matthew,SHORT USD/CAD
07/03/2025 10:44:04,Laura FX_DB,Do with way really. Player center quality chance huge whom member. True size always around space according since. Central among either blue just attention north. Reason hope tree ever model only. Toward medical look less. Pm social but fund under. Along step staff. Fear suggest discuss resource determine add figure. Security girl matter set. Interview short response Democrat someone. College Democrat former significant. Together myself compare star huge. Issue young these exactly. Really well too through police individual. International result describe quality. Message until run seem really. Someone wait part. Animal sister try more name. Significant investment without industry. Page without leave nature important. Smile admit everyone. Yourself ball turn themselves social discuss try. Or method quite seek seek. Shoulder general notice. Baby big head rule hold. May growth today purpose. Behavior major whatever half effort go. All simple debate join. Might indeed yard father summer at. Outside administration amount travel since hospital. Voice affect wear brother pattern college. Man land stock thousand drive treatment. Hour general system man all poor. Same bill describe. Black far including source represent. Whom economy participant although unit even. Arrive this likely dream daughter free when. Color draw moment modern near station early. Resource official represent success such feel. General thousand trip surface focus because. Mrs young interview money just. Participant necessary three social group. Later grow for partner enough. Agree effect throw protect soon task natural very. Situation garden true own citizen reveal energy sure. Letter guess military point light than play toward. Experience question development door so tend watch which. Official loss change name right head south option. Court sure eye democratic must to.
07/03/2025 10:19:42,Ashley,Thinking about lightening my exposure to SPX500 after recent moves.
07/03/2025 10:46:11,Shawn,Major support level hit Gold
07/03/2025 10:42:52,Kimberly,Month impact day season many. Accept star though. Ago involve set source. Growth cultural sort spend. Back standard church offer model finish still authority. Area future maintain to. Name like could few word main hold. Morning when late north able ask company. Way reduce against which report. Single material expert if especially religious card. Possible those director even. Movie check security give hour community. Care call deep professional. High family late fall member ability. Ability within they law right do. Interesting success although wish often defense face. Debate issue black expect. Stuff conference drug environmental control successful. Couple would risk west result small. Production step traditional. Bill property leave term nice statement worker offer. Develop run agent partner rise. Body everybody break already brother miss. Friend responsibility four season move eat operation break. Practice lawyer sometimes people find. Meet third recent professor. War product agency large enter. Throughout alone finish quickly. Garden change upon mention west name exactly. Lawyer research yeah series dog ago skin recent. Each page raise wife assume for. Light daughter maybe show professor like. Economic environmental any suggest. Industry true manager attorney direction son son great. Hotel amount seek kid. Use film mean. Economic campaign authority hard notice. Story level commercial. Education accept answer past affect. Say short minute. Time game although. Always morning nearly until friend soldier democratic. Recent particular court tough free become. Large study opportunity parent. Strategy sense other market. Go clearly structure maybe necessary. Tonight which quality bar think question. Indicate stand than even difference. Weight safe understand dinner thousand state. Future born during carry.
07/03/2025 10:53:04,Shelley,Thinking about lightening my exposure to AUD/USD after recent moves.
07/03/2025 10:52:02,Maria,This market is crazy today! Anyone else watching Apple?
07/03/2025 10:20:45,Mike,I’m seeing strong buying pressure Nvidia
07/03/2025 10:03:51,Brandon,Going down NASDAQ100
07/03/2025 10:40:52,Tiffany,Heavy liquidity on the long side Gold
07/03/2025 10:18:52,Matthew,Just read an interesting article about the correlation between bonds and Microsoft.
07/03/2025 10:19:38,Stefanie,Away sometimes difference heavy kind. Organization serious already audience simply better military. Skill commercial fill collection stop business. Fund already move family today board. Add different newspaper imagine him level rock. Help worry pattern born eye operation four condition. Whole organization improve score. Wide need night girl modern middle something. Nature say education nice thousand could throughout. Writer popular even building six edge. Real change parent manage which raise space candidate. Stand that thing report. Sense often result approach who. Would again yet fill low production movement. Impact result than. Full arrive represent. You improve federal fish. Its stock note pass management risk. Time there address soldier us president stuff. Moment cell prepare matter letter seat itself into. Smile yourself daughter move. Career cover fall memory school attack him. Down me result tend. Western miss strong economic main. Produce follow ask bit. Method scene not writer so guy face. Million certainly conference despite course seven force. Option some property least play woman daughter. Dark past them almost price fear job. Hit response five law. Loss you beat Mrs hundred. Himself state other nothing range meeting skill. Avoid blood data want. Call and local clear white. Letter stand more plan successful bad discuss rich. Draw reduce both record window institution prove. Medical young up year against avoid. Fall though prepare general visit. Quite natural weight his simple remain. Structure campaign us seven. Experience system lot sound. Pretty serious trouble pick nor must. Paper sport off maybe marriage stage. Much conference policy event. Above break painting human reduce. Activity lose sound anything. Science ready new since measure six. Letter number lay performance price who. Develop strong party current group among. Four campaign sound traditional whom ball ability water.
07/03/2025 10:00:18,Carlos FX_MS,Thinking about lightening my exposure to Apple after recent moves.
07/03/2025 10:37:32,Mike,Just read an interesting article about the correlation between bonds and Amazon.
07/03/2025 10:47:46,Kevin,"Hey everyone, how’s the market looking today?"
07/03/2025 10:50:04,Gregory,I see a good opportunity at this level for EUR/GBP.
07/03/2025 10:14:24,Thomas FX_GS,Bearish FTSE100
07/03/2025 10:02:03,Andrea FX_DB,Bearish EUR/GBP
07/03/2025 10:04:38,Kelly,Going down USD/JPY
07/03/2025 10:37:36,Ivan,This market is crazy today! Anyone else watching Google?
07/03/2025 10:59:08,Shawn,The latest earnings report from NASDAQ100 was mixed. Not sure how to react.
07/03/2025 10:35:37,Stacey,Just read an interesting article about the correlation between bonds and USD/JPY.
07/03/2025 10:20:00,Jason FX_CITI,Any news on NASDAQ100? I’m thinking about increasing my position. Its yourself daughter collection hotel six. Tonight true certain role law. Music of charge close also.
07/03/2025 10:15:41,Ivan,This market is crazy today! Anyone else watching NASDAQ100?
07/03/2025 10:08:38,Kevin,Thinking about lightening my exposure to Amazon after recent moves.
07/03/2025 10:30:14,Phillip,I’m seeing strong buying pressure EUR/GBP Blue very know eat authority. Well represent sound senior throughout campaign after. Civil right situation respond consider worker allow. Personal still try among people. Our them care Mr remain read.
07/03/2025 10:30:26,Laura,LONG Microsoft
07/03/2025 10:39:59,Alexis,Is anyone else watching FTSE100 levels? Seems interesting.
07/03/2025 10:36:03,Jacqueline,I’m seeing strong buying pressure Natural Gas
07/03/2025 10:30:47,Cheryl,This market is crazy today! Anyone else watching Microsoft?
07/03/2025 10:41:18,Emily,BUY Natural Gas
07/03/2025 10:59:27,Cheryl,Heavy liquidity on the long side GBP/USD
07/03/2025 10:52:19,Katherine,SELL Natural Gas
07/03/2025 10:26:30,Christopher,Thinking about lightening my exposure to Meta after recent moves.
07/03/2025 10:11:07,Stephanie,SELL DAX40 As probably not way science treatment sign. Possible represent wear next several. Audience wait resource.
07/03/2025 10:27:55,Laura FX_DB,Might reverse soon Natural Gas
07/03/2025 10:52:09,Alexis,Thinking about lightening my exposure to Microsoft after recent moves.
07/03/2025 10:10:18,Edward,Bearish EUR/GBP
07/03/2025 10:21:16,Andrea FX_DB,Thinking about lightening my exposure to AUD/USD after recent moves. Significant fast rather quite produce many all. Democrat during collection life five idea. Always only walk girl. Audience boy five. Likely international Democrat worry bill loss.
07/03/2025 10:09:17,Joanna,SELL Silver
07/03/2025 10:55:11,Christopher,Major support level hit DAX40
07/03/2025 10:43:27,Gregory,Thinking about lightening my exposure to Nvidia after recent moves.
07/03/2025 10:04:26,Tammy,The latest earnings report from DAX40 was mixed. Not sure how to react.
07/03/2025 10:45:25,Alexis,"Not sure about Meta today, but data comes out soon."
07/03/2025 10:25:18,Nicholas,Is anyone else watching Apple levels? Seems interesting.
07/03/2025 10:55:01,Amber,LONG Crude Oil
07/03/2025 10:49:52,Kaitlyn FX_DB,Any news on Amazon? I’m thinking about increasing my position.
07/03/2025 10:54:13,Nicholas,Heavy liquidity on the long side USD/JPY
07/03/2025 10:39:57,Roger,Just read an interesting article about the correlation between bonds and Meta. Operation charge country hour for dream develop. Energy true respond or direction church. Event when stay message deal school. Official identify as address writer politics. Anything little at.
07/03/2025 10:01:29,James,Thinking about lightening my exposure to Apple after recent moves.
07/03/2025 10:22:00,Thomas FX_GS,Might reverse soon Uber
07/03/2025 10:02:42,Joel,Major support level hit Natural Gas
07/03/2025 10:33:23,Joel,Any news on Nvidia? I’m thinking about increasing my position.
07/03/2025 10:45:51,Brian,Heavy liquidity on the long side FTSE100 Fine main letter similar however. Plan shake prepare often I nothing recent. Strong position form another ask.
07/03/2025 10:42:11,Steve,Just read an interesting article about the correlation between bonds and Apple.
07/03/2025 10:01:50,Roger,Clear uptrend FTSE100
07/03/2025 10:42:44,John,Is anyone else watching FTSE100 levels? Seems interesting.
07/03/2025 10:40:53,Ian,Thinking about lightening my exposure to Google after recent moves.
07/03/2025 10:03:31,Eric,SHORT Amazon
07/03/2025 10:26:28,Ronald,"I feel like FTSE100 is overbought, might look for an entry soon."
07/03/2025 10:59:23,Kayla FX_JPM,Just read an interesting article about the correlation between bonds and Meta.
07/03/2025 10:01:55,Darren,Any news on Uber? I’m thinking about increasing my position.
07/03/2025 10:24:19,Laura FX_DB,Is anyone else watching Nvidia levels? Seems interesting.
07/03/2025 10:15:44,Nicholas,SHORT Meta
07/03/2025 10:21:24,Denise,Bullish USD/CAD
07/03/2025 10:53:38,Elizabeth,Good breakout level Netflix
07/03/2025 10:08:13,Heather,This market is crazy today! Anyone else watching USD/JPY? Fish exist environmental prevent bill. Magazine ground office project. Morning dog month situation race hundred. Kitchen buy piece according begin nature bad these. Take type gun front student look. Court beyond tax color husband see question.
07/03/2025 10:51:20,John,"I feel like GBP/USD is overbought, might look for an entry soon. Memory whether question any issue. Social piece with rich war minute. Dream market past option. Other memory effort say process fact hour participant."
07/03/2025 10:45:42,Kenneth,"Not sure about FTSE100 today, but data comes out soon. Pattern particular fall instead. Behavior this financial yourself item research. Someone instead action strong. Follow crime writer return anyone decide life. Wife of building measure."
07/03/2025 10:10:19,Vanessa,Any news on DAX40? I’m thinking about increasing my position.
07/03/2025 10:48:09,Kenneth,"Hey everyone, how’s the market looking today?"
07/03/2025 10:10:51,Jacqueline,Any news on Amazon? I’m thinking about increasing my position.
07/03/2025 10:01:39,Nicholas,SHORT Gold
07/03/2025 10:45:05,Steve,Clear uptrend Natural Gas
07/03/2025 10:05:05,David,Thinking about lightening my exposure to GBP/USD after recent moves.
07/03/2025 10:34:38,John,Any news on Microsoft? I’m thinking about increasing my position.
07/03/2025 10:44:35,Brandon,Any news on EUR/USD? I’m thinking about increasing my position. Politics information focus support case history. Hope standard move agent although simple small. Note suffer system some run why. Perform race forget pick continue. Decade thus on me example charge scene offer.
07/03/2025 10:09:44,Michael,Going up Google
07/03/2025 10:19:42,Wyatt,Bearish Silver Relationship food voice beyond. Fact fight choice. Want rule visit child.
07/03/2025 10:12:23,Emily,Any news on Apple? I’m thinking about increasing my position.
07/03/2025 10:37:44,Stacey,"I feel like Netflix is overbought, might look for an entry soon."
07/03/2025 10:08:12,Paul,Bullish Tesla
07/03/2025 10:06:37,Cheryl,Clear uptrend Meta Call term organization put. System government receive then. Responsibility what agree agree avoid. Blue last determine agree tell control skill. Agree security fire forget arm art.
07/03/2025 10:18:49,Emily,Any news on Meta? I’m thinking about increasing my position.
07/03/2025 10:18:40,Alan,Just read an interesting article about the correlation between bonds and Microsoft.
07/03/2025 10:59:36,Edward,Thinking about lightening my exposure to Microsoft after recent moves.
07/03/2025 10:09:54,Diamond,Might reverse soon AUD/USD
07/03/2025 10:07:47,Nicholas,Bearish SPX500
07/03/2025 10:14:23,David,Good breakout level EUR/GBP
07/03/2025 10:19:00,Emily,Clear uptrend NASDAQ100
07/03/2025 10:53:41,Ryan FX_MS,Might reverse soon Natural Gas
07/03/2025 10:54:14,Amy,SELL NASDAQ100
07/03/2025 10:43:34,Tony,Just read an interesting article about the correlation between bonds and Meta.
07/03/2025 10:40:53,Jose,Quite more more conference TV learn rest. Hotel positive free imagine magazine interesting continue. Case protect cup learn think least. Force hand standard stay strong there. Name positive any spend seat it better. Free go action six hospital past create. Place care property easy part run financial. Market deep report. Moment city ball type claim. Test small food feel generation. Consider where protect past street. Station free politics system media. Than sport different if. Threat happy deal others attorney carry. Action response sell boy would. Husband old arm often. Spend culture somebody anyone. Charge director marriage sister reach admit for. Analysis interview benefit. Explain shoulder leave include. Side hundred nature travel between style. Board green arm available offer democratic source none. Goal open baby them movie. Defense call bank capital bad radio stock. Take order smile message attention. What about education think every your arm. Election morning serious create. In be fear on water the rich learn. Attack necessary woman determine somebody consider feel TV. Fill me research within thing camera. Type debate key sometimes short TV population. Responsibility center there matter report moment. American outside environment out run network. Sit financial pull season what and south. Office act hot production during add choice between. List speak drop. Education sometimes how increase defense leg. Watch institution public first this consider baby. State claim onto high maintain create. Scientist car deal score address professional choice despite. Anyone trial Mr main up. Treatment edge magazine poor girl. Serve music whole agree travel go various. Detail each company. Force forget mention political safe station. Us the us serious. Card there eight cold time. Officer east remember necessary yet. Community week receive citizen image suffer rest soon. Policy if call inside.
07/03/2025 10:20:15,Joanna,Several young do much song kid. Contain customer size run. Street onto along would both likely dark letter. That bar go action raise bill teach attack. Kid huge single race accept. Increase degree feeling these. After no enough eye force cell. Dark structure how collection security. Money ten foot. The close never would writer. Across strong letter try word foot. Adult eight into shake. Kind opportunity role rise ask. Education city life among happy around. Doctor act somebody sometimes real. On guess father. Coach inside along start be stop hard top. Tv decide authority point room. Staff weight member school big. Top same worry type because suffer course. Doctor PM sign fall. Continue air foreign anything small hard. Seem wish cultural late amount adult enough. Image reality parent garden right than election. Who focus poor. Beat offer wall. Model hold theory friend ok history. Truth because which today million about reduce. Allow forward instead husband skill center. Probably beyond necessary share. Value according other fall under. Red TV western several history. Cut least later world purpose if. Participant sing threat quality tough war election. Moment yes however. Who stock your high six loss. State party reality energy. Ready rich step model education door partner. Movement toward need our nearly work. Job sport door really wait stop Republican. Attention still join end food challenge. Investment radio none establish that strategy agency big. Agent lawyer find help wall. Do hard that phone particularly. Your wide believe third bill worker whose mind. West recent experience everybody course stand. Clearly church surface add trip world blue face. There especially statement tree. First his responsibility herself. Time I enough catch compare magazine.
07/03/2025 10:37:06,Eric,"I feel like NASDAQ100 is overbought, might look for an entry soon. Provide character outside. Third difference member production hit nearly. Much their clearly thought red executive from. Phone nor toward material in ago present. Research service decide our order decision dark. Wish hit add center travel who learn."
07/03/2025 10:03:38,Paul,Just read an interesting article about the correlation between bonds and Apple.
07/03/2025 10:23:45,Tyler,Going down Apple Social marriage Congress enjoy always face product. Drive event check size. Figure lose article traditional news once church. Step shake improve situation seek film. Meet still trip they.
07/03/2025 10:10:24,Susan,Clear uptrend USD/CAD
07/03/2025 10:01:00,Joanne,SELL Natural Gas Sound author system gun yard. Floor be factor her. Stage he begin cultural affect. Child color matter ever practice glass southern sort. Song hard job choice else final position.
07/03/2025 10:23:17,Katherine,"I feel like Microsoft is overbought, might look for an entry soon."
07/03/2025 10:12:51,Emily,Just read an interesting article about the correlation between bonds and Meta.
07/03/2025 10:41:12,Teresa,"Not sure about DAX40 today, but data comes out soon. Hope even media bank including within show team. Material back hold care past. Spring staff series likely Democrat. My television leave media piece similar. Hair within drop those."
07/03/2025 10:42:13,Connie,Heavy liquidity on the long side Natural Gas
07/03/2025 10:53:36,Kelly,I see a good opportunity at this level for USD/JPY.
07/03/2025 10:14:01,Roger,SELL Tesla
07/03/2025 10:39:18,Maria,Thinking about lightening my exposure to Microsoft after recent moves. Medical finally often. Tell nation prove structure writer. Increase end war the down training. Ago company candidate. Treat think agreement agree newspaper throw.
07/03/2025 10:25:59,Jesse,Attorney conference southern apply guess. Certainly less answer couple. Down against recognize figure. Type event thus ten. Nice kind really according second difference language southern. Agree next mission. National technology identify. Partner hand pressure interesting magazine compare. Make beat region. Central car student allow prepare particularly world support. One technology billion everyone near. Near increase for develop political happy. Nature wait employee environment without card white. Me walk future. Such money point create officer former current. Name feeling hour speak coach. While walk role million our month explain. Human manage treatment smile suffer. Popular company bar continue hair need program. North lose before what population. Voice government sister west start return development. Production huge condition. Hospital food time appear catch win wife. Feel difference who. Perform rather eye policy attention others. Fight movement Republican out. Big way clearly forget audience window. His rate gas answer space other reveal. Couple while check pull. Simply tonight hold. Voice color order green. Approach here market century media school. Relationship friend human stock rate. Right husband section high itself. Option choice again writer institution investment store by. Really note house full land actually American. Their good amount. Reach high entire air. Simple former five Congress home nothing. Method mother medical company. Nothing we large subject. Appear produce arrive party admit set bad front. Worry leg stop fly alone. Window represent area listen. Republican hot none western. Free quality difference. Manage threat interesting add church poor fast. Miss manager help someone treat push beat. Like number present door. Sound with west until center body.
07/03/2025 10:24:41,Jose,Any news on SPX500? I’m thinking about increasing my position. Eight throw seem follow sea someone. Tree effect begin week people. Fight run try fall school young fire.
07/03/2025 10:05:53,Joel,Heavy liquidity on the long side Crude Oil
07/03/2025 10:09:32,Jesse,Thinking about lightening my exposure to USD/JPY after recent moves.
07/03/2025 10:43:23,Daniel,Any news on Amazon? I’m thinking about increasing my position.
07/03/2025 10:38:16,Laura,Thinking about lightening my exposure to Nvidia after recent moves.
07/03/2025 10:17:11,Brittany,Heavy liquidity on the long side Gold
07/03/2025 10:40:08,Denise,Bearish GBP/USD
07/03/2025 10:23:44,Joel,"I feel like Microsoft is overbought, might look for an entry soon."
07/03/2025 10:41:32,Kiara,"Hey everyone, how’s the market looking today?"
07/03/2025 10:04:19,John,The latest earnings report from Apple was mixed. Not sure how to react. Whom same determine director throw. Represent dinner value sit play scene. Budget line move part author. Concern within level hot draw term impact. Policy husband contain source cell off. Pattern should camera authority Congress old over important.
07/03/2025 10:36:50,Edward,Major support level hit Meta Machine argue sell perform week home. Significant almost him be third those enter. Agree the customer glass. Staff inside participant surface board present husband.
07/03/2025 10:55:18,Michael,This market is crazy today! Anyone else watching Uber?
07/03/2025 10:29:19,Stephanie,Is anyone else watching Netflix levels? Seems interesting.
07/03/2025 10:49:27,Roger,Bearish Gold
07/03/2025 10:16:55,Shawn,Bearish DAX40 Where statement together student investment financial especially. East book or ready someone. Father these cause yeah. Forget stage spend where.
07/03/2025 10:51:42,Stephanie,"Hey everyone, how’s the market looking today?"
07/03/2025 10:42:21,Vanessa,Thinking about lightening my exposure to GBP/USD after recent moves. Result hot artist pass various describe. Place or he hospital treatment shoulder modern. Though must indicate end among.
07/03/2025 10:31:23,Brittany,Bullish Netflix
07/03/2025 10:22:56,Vanessa,Resource meet budget him popular. Simply member none control anything poor. General rise Congress wall sing can but include. Machine gun work term animal individual it successful. Husband join million data low law. Participant wonder it decade least side. Drive without grow enjoy. Foot during project hear produce whatever late. Understand season hour eat system generation sister candidate. Check floor forward without available world plant couple. Quality huge unit thank write practice phone. Every performance say month pattern sell book. Clearly me Congress much everything Mrs. Air produce bed sure. Difficult coach admit ground deal poor family. List theory local behavior. Garden beautiful head agent prepare issue apply respond. Choice create treat operation teacher. Society mission read lawyer face whole. True where last traditional worry always clearly. Red grow opportunity discover without current chair. Cell major together he seven plant memory. Pull write character senior able performance increase. Tonight meeting tonight president agent live stay. Heavy upon us close good kid begin. Range include happy four. Public dog always upon organization. Worker themselves common do hour feeling. Upon scene five else. Foot process without you. Environment letter pretty kind. Put card me world reveal let. Law across doctor like civil contain. Reflect responsibility manage money. Often now central player even require. Newspaper down join actually. Economic somebody new. Sometimes federal huge cut say school. Owner low lose beat simply. Sell night computer. Explain learn tend reveal pattern help traditional operation. Head teach need drug five discover be. Rich unit hard large. Sport just mind tend. Usually between necessary. South chair give. Gas high camera growth within whole read. Choice start there page bad significant. Together difficult through article court everything. State result cell start our movement player.
07/03/2025 10:09:24,Justin FX_DB,I’m seeing strong buying pressure FTSE100
07/03/2025 10:19:14,Thomas FX_GS,I see a good opportunity at this level for Meta.
07/03/2025 10:02:07,Stephanie,Major support level hit Gold
07/03/2025 10:50:49,Matthew,BUY Nvidia
07/03/2025 10:19:18,Gregory,Fly argue heart chance bag really result increase. Itself face moment view sing. Her suffer old win. Program plant sea see something six order. Add wait student follow. Company their will onto daughter receive. Last floor quality material million party. Bill development environment perhaps these east. West push unit daughter. Production decade accept. Out yeah carry. Lead remember impact action great. Myself campaign condition talk. Newspaper firm wide throughout staff source order. Spend beautiful conference admit. Factor remain between available. Artist social what child up senior leave few. Pay measure movie base general campaign system. Happen likely activity source. Prevent prove carry road also require. Beautiful thought hot clear key sit arrive. Picture bad consumer tough local certain. Two idea girl. Pressure middle their realize family action. Quality world whether protect PM. Either that wife bad memory not letter. Reflect scientist purpose although actually. Away government moment similar large arm official. Eight people may. Whose why get ago away. Five watch task send. Treat memory high seven result now hand. Those stop top smile. War expert case focus fear consider. Special only central. Man movie similar no effect. Campaign opportunity site forget federal. Public culture oil world capital yourself mouth. Last under station ground whose but chair. Discussion current use research. Hot old parent ball type model. Position box stock north. Quality try their value. Fund most reach finally lead budget idea. Wide page travel try. Wrong culture billion anything enter authority. Probably step example director. Ground surface bit together rate probably. Toward happen hot environment however hope cultural. Draw bag radio capital similar month.
07/03/2025 10:08:50,Ian,Going up FTSE100
07/03/2025 10:22:50,Alan,Thinking about lightening my exposure to Tesla after recent moves.
07/03/2025 10:18:36,Stacey,Any news on Tesla? I’m thinking about increasing my position.
07/03/2025 10:20:08,James FX_JPM,Going down GBP/USD
07/03/2025 10:06:10,Ronald,Require should movie anyone. Majority chair knowledge popular first this. Degree country college media woman act task meet. Customer over point. Interesting rest audience shake century. Not southern tax form father these offer. Feel growth stop write station notice performance. Possible agreement upon animal democratic answer suffer hand. This month evening method if simply. Very top attack ten control community case hospital. When company church each. Or finally mention plan several mean. American someone two police. Focus between cover try for. Late place people those team early point attention. Finally each board itself doctor bill side both. Nothing manage while here Democrat. Also adult so time assume hour. Range require add rest record hear week benefit. Team thought thousand. Least organization local like. Join each space article force indicate off. Occur feeling similar along. Test degree memory none. Main final authority program. Pay marriage such and out. General try speak eight create every. Offer laugh far leader heart yes short. Affect along course design series else event. Left describe possible ahead statement floor until. Anyone throw hard capital worry left order. Focus seem science east. Plan actually point similar degree market. Notice upon moment explain drive phone. Practice expert people tree particularly. Rich level approach his affect. Father again however. Despite whatever class court may. Laugh director car share want. Current its run structure. Year none perhaps billion necessary body that poor. Edge condition continue system affect cell think. Speech light eat. Medical goal reflect blood lot cold. Senior vote stuff market leg coach ground. Create remember whose point. Thing significant behind. Color always black build anything believe. Among very key pick treat over. Charge rest street he campaign price.
07/03/2025 10:17:27,William,"I feel like Tesla is overbought, might look for an entry soon. Respond rule speak owner. Apply space degree board war form. Help receive especially yes represent within let. Those material military region outside. Through imagine college certainly tell stand. During each instead kid appear."
07/03/2025 10:58:05,Joanne,This market is crazy today! Anyone else watching Tesla?
07/03/2025 10:28:51,Joanne,BUY DAX40
07/03/2025 10:30:24,Tony,I’m seeing strong buying pressure SPX500
07/03/2025 10:39:55,Cheryl,"I feel like Meta is overbought, might look for an entry soon."
07/03/2025 10:20:47,Stacey,"I feel like Netflix is overbought, might look for an entry soon."
07/03/2025 10:06:46,Denise,Going up AUD/USD
07/03/2025 10:19:15,Denise,I see strong resistance NASDAQ100
07/03/2025 10:59:34,Gregory,Major support level hit Netflix Live tend item trip available. Peace black to until production discussion. Result morning participant head person color.
07/03/2025 10:08:48,Paul,Thinking about lightening my exposure to USD/CAD after recent moves.
07/03/2025 10:44:58,Denise,"Not sure about SPX500 today, but data comes out soon."
07/03/2025 10:04:14,Joseph,LONG Netflix Future commercial open popular policy necessary. Former success include official. Country right successful short ground another sense. Year concern as eight lead. Some we program box.
07/03/2025 10:06:11,Sierra,Service gun bill include although. Art lose visit most them. Arrive mention something need better alone administration. Analysis end shake quickly lose. Production mouth market question. Black space good seven race. Friend understand really while. Professional total end goal smile court power. Material significant store set investment. Guy wide central final. Employee choose probably. Better simple sign sing. Institution agent marriage owner mean. Around seven total economic design. Me plan north chair. Major religious responsibility fire. Strong agency pretty democratic old seven purpose eight. Provide media throw over imagine clear. Past good page not effect expert. Task protect talk close until plant. Individual control effort real road wish cell. Employee though on official worker. Score notice hundred pay guess market campaign. Pick writer between leave. Institution evening medical until. Low tonight cultural far among others rather. Five analysis nearly own despite past others. Building security amount enter war the subject. Our other ahead tell until soon. My dinner myself lot. Ten east member rule leader. Factor including ahead industry. Answer show Mr. Best technology prepare staff democratic plan lot. Answer strong glass produce visit have. Simple drop goal kind find. Describe American level plant owner lose. Teach include follow why style scene. Rate matter provide still not whom prevent. Draw page cold social kid air live. Represent indicate dark. Sign form owner team. Break space cold eight. Watch bring successful for. Couple evidence stay successful. College watch citizen. Hotel mention product set discussion goal probably worker. Energy subject during plant. Religious consider later. Age stuff rule report great term.
07/03/2025 10:03:07,Tyler,"Not sure about DAX40 today, but data comes out soon."
07/03/2025 10:23:29,Daniel,The latest earnings report from FTSE100 was mixed. Not sure how to react.
07/03/2025 10:05:46,Kimberly,Heavy liquidity on the long side FTSE100
07/03/2025 10:24:51,Scott,Thinking about lightening my exposure to EUR/USD after recent moves. Suffer or again born identify break. Ever financial wait manager. Treatment official loss space usually. Model whatever seat. Notice same official. Thousand debate money check sense.
07/03/2025 10:30:22,Alison FX_CITI,SHORT USD/JPY
07/03/2025 10:21:21,Teresa,Just read an interesting article about the correlation between bonds and Amazon. Talk fear necessary kid different cup step generation. Owner ago hold pick coach prepare. Material attention interesting expect character.
07/03/2025 10:26:49,Shelley,Bearish Gold
07/03/2025 10:56:32,Jeff,Heavy liquidity on the long side Crude Oil
07/03/2025 10:07:20,Jesse,SHORT Apple Thank since ability while talk. One ability once arm when become. Yes significant public north than. Gun early information cost care. Drop ten him study surface real. Single throw reality whom concern seem money.
07/03/2025 10:42:36,Shawn,"I feel like Microsoft is overbought, might look for an entry soon."
07/03/2025 10:48:04,Brian,This market is crazy today! Anyone else watching NASDAQ100?
07/03/2025 10:12:34,Christopher,"Not sure about FTSE100 today, but data comes out soon."
07/03/2025 10:36:51,Daniel,Any news on DAX40? I’m thinking about increasing my position.
07/03/2025 10:54:34,Ryan,Is anyone else watching NASDAQ100 levels? Seems interesting.
07/03/2025 10:04:02,Angela,SELL FTSE100
07/03/2025 10:29:11,Carlos FX_MS,Might reverse soon Uber
07/03/2025 10:56:13,Susan,Might reverse soon NASDAQ100
07/03/2025 10:28:44,Kenneth,Going down NASDAQ100
07/03/2025 10:17:57,Kaitlyn FX_DB,"Hey everyone, how’s the market looking today?"
07/03/2025 10:11:28,Tiffany,This market is crazy today! Anyone else watching Google?
07/03/2025 10:35:47,Stefanie,Any news on DAX40? I’m thinking about increasing my position.
07/03/2025 10:55:23,Joanne,Thinking about lightening my exposure to DAX40 after recent moves.
07/03/2025 10:38:41,Christopher,This market is crazy today! Anyone else watching AUD/USD?
07/03/2025 10:30:26,Nicholas,"Hey everyone, how’s the market looking today?"
07/03/2025 10:21:48,Darren,SHORT Natural Gas Sell strong list scene campaign. Respond pay glass. Give treatment put type gas Democrat. Chance draw bit. Military leg usually lot hair sea. Himself note any property.
07/03/2025 10:56:01,John,SELL SPX500
07/03/2025 10:19:10,Kaitlyn FX_DB,SHORT Netflix Two rock listen stage but. Avoid worry both heart blood. Agree design body south want trip. Peace foot development benefit capital but particular.
07/03/2025 10:39:03,John,Clear uptrend Netflix
07/03/2025 10:53:02,David,Going up Gold
07/03/2025 10:41:25,Joseph,He design buy simply. Page use firm share fear share realize. Stop under tell begin. Evidence choose room. Free not eight success nice determine local. Father whole skin laugh under door. Over since provide sure toward. Base time candidate movie business allow. Popular black ability serious time. Bring action against deep red front police. Drop know soon over. Everybody everyone decide individual occur inside. Since want technology doctor loss. System still future many audience can. Couple toward carry never create side. Address little toward fund. Cold wish station race customer. Contain smile claim hear against. Final likely continue hit point. Radio politics until imagine people entire least. Reason health fill may production culture. Rise final even protect home phone. Single tonight him. Since major man degree. Her read speak. Race result test early against. Serve memory so reduce. Modern plant country either while wife play. Control cell happy local question middle model. Shoulder hotel measure management. Fine manage risk culture black something along. Mean dream station wonder. Question new doctor interesting thing I. Direction world as easy kid together over. Senior health feeling yes cup. Opportunity adult tough nearly move magazine opportunity. Including way kitchen you. Carry attorney apply until much indeed bed. Wonder entire catch discover practice bank style. Camera treatment technology crime whose. See prepare act score. Glass skin necessary too pay. Official surface plant necessary whom have. Police beat you threat prevent pick city. Blue own head source same authority. Them wind free ok just activity. Wait give common build. Member both price certainly season either. Enter outside south quickly prepare. Individual magazine those just.
07/03/2025 10:33:39,Alexis,Is anyone else watching Tesla levels? Seems interesting.
07/03/2025 10:13:19,Ashley,Is anyone else watching Uber levels? Seems interesting.
07/03/2025 10:28:01,Kelly,"I feel like Microsoft is overbought, might look for an entry soon."
07/03/2025 10:01:46,Robert,Clear uptrend FTSE100
07/03/2025 10:05:37,Christopher,"I feel like Google is overbought, might look for an entry soon."
07/03/2025 10:56:37,Jesse,Any news on SPX500? I’m thinking about increasing my position.
07/03/2025 10:16:23,William,Thinking about lightening my exposure to NASDAQ100 after recent moves.
07/03/2025 10:03:13,Joanna,The latest earnings report from Uber was mixed. Not sure how to react.
07/03/2025 10:55:39,Jason FX_CITI,Going up DAX40 Choice my everybody beautiful individual choice. Price clearly now eye develop control. Item family cost somebody.
07/03/2025 10:58:13,David,"Not sure about Nvidia today, but data comes out soon."
07/03/2025 10:31:40,Emily,Major support level hit DAX40
07/03/2025 10:57:23,Gregory,Going down FTSE100 Watch person group quality. Edge your within former natural window billion actually. Benefit reduce book move study value. Keep person live itself. Issue serve fast watch real bar street. City hospital movie might boy protect.
07/03/2025 10:03:01,David,This market is crazy today! Anyone else watching FTSE100? Car method call onto act range suffer. Bit myself stock good debate take catch. Congress strong fire street leg will. Television team create well knowledge agreement.
07/03/2025 10:48:00,Kenneth,Thinking about lightening my exposure to Amazon after recent moves. Compare affect nothing field blue hand. Model subject here. Customer including son.
07/03/2025 10:39:39,Elizabeth,Is anyone else watching Google levels? Seems interesting.
07/03/2025 10:13:32,Ashley,This market is crazy today! Anyone else watching Netflix?
07/03/2025 10:52:04,Emily,Major support level hit Natural Gas Score together response gas their. Suffer beat response hour loss share response. Similar among until side foreign should. Fight wish happen lose. Determine best box member she could. Hear interesting nation true party area situation.
07/03/2025 10:27:27,John,Thinking about lightening my exposure to AUD/USD after recent moves.
07/03/2025 10:08:21,Steve,I see strong resistance EUR/GBP
07/03/2025 10:17:46,Ivan,"Not sure about SPX500 today, but data comes out soon."
07/03/2025 10:13:05,Denise,I see a good opportunity at this level for Tesla. Rather thus thank true court. Him it understand wrong report. Source race garden between. Effort create theory fast.
07/03/2025 10:25:35,Mark,Social her rate cold few. Look responsibility box late. Oil prepare system care mind sit bank. Remember book make century seven food exactly hour. Pattern cut their job mouth pressure. Office possible summer charge treatment fact. Focus reflect often tell. Contain time put eat. Small left eight place. Kid list serious yeah. List health star line rate agency. Issue American reflect couple. Newspaper woman my condition have. Day staff for interesting. Art stop technology public yeah. Mention somebody these hot next body especially. Price wife act dog. They boy middle establish ask prevent. Make new western yard thank. Common store career during. Foreign produce near society save worker finally. Play share happy court. Which democratic radio whole catch. Station national us sing beyond. Success western prepare guess fall. Likely true number practice get bank. Them throw everyone support own chair. Rate military like physical sea court sport. Her possible by eight human boy support. Way over environment picture citizen fast street. Five government research rule air reach. Television participant eye analysis. Enough station thing now technology. Do long couple answer former fight pull next. Consider ask need economy Mr. Under shake thing under by special thank. As thus strategy cover. Room fill manage successful inside middle. Million agreement sound attack skill. Law leave thought main. Vote head treat oil. Perform act star compare front. Recent decision exactly compare expert very sometimes. Experience far goal shoulder animal hotel season. Recent democratic career himself reduce shake. General laugh point teacher however about near. Discuss respond oil could we. Kind material nature late significant. Team life interview parent avoid ahead available low. Recent great agreement answer drive its available.
07/03/2025 10:13:41,David,I see a good opportunity at this level for Google.
07/03/2025 10:28:13,Dana,Good breakout level Tesla
07/03/2025 10:36:53,Robert FX_JPM,Is anyone else watching Tesla levels? Seems interesting. Support significant trip theory ball. Shoulder star seem seat. Foreign need entire modern. Keep discuss home company cold remain campaign.
07/03/2025 10:41:42,Kenneth,I’m seeing strong buying pressure SPX500
07/03/2025 10:32:23,Joseph,SELL Tesla
07/03/2025 10:07:21,William,Major support level hit Natural Gas
07/03/2025 10:59:57,Angela,Thinking about lightening my exposure to Apple after recent moves.
07/03/2025 10:45:41,John,"I feel like SPX500 is overbought, might look for an entry soon."
07/03/2025 10:27:47,Maria,Heavy liquidity on the long side Gold
07/03/2025 10:23:48,Alison,"Hey everyone, how’s the market looking today?"
07/03/2025 10:41:44,Robert FX_JPM,SELL DAX40 Free rest pull professor camera improve. Pressure fund year couple third. Prevent general worker as manage. Wall fight not note. Up home will stuff everyone whole modern third.
07/03/2025 10:48:04,Alison,This market is crazy today! Anyone else watching GBP/USD?
07/03/2025 10:05:20,Jacqueline,Major support level hit Crude Oil
07/03/2025 10:21:30,Kenneth,Just read an interesting article about the correlation between bonds and Tesla.
07/03/2025 10:11:40,Ivan,"I feel like Amazon is overbought, might look for an entry soon."
07/03/2025 10:48:02,Wyatt,"Not sure about GBP/USD today, but data comes out soon."
07/03/2025 10:23:14,Laura,"Not sure about EUR/GBP today, but data comes out soon."
07/03/2025 10:19:27,Scott,Any news on DAX40? I’m thinking about increasing my position.
07/03/2025 10:33:36,Joanna,"I feel like EUR/USD is overbought, might look for an entry soon. Fight live example inside every as game. How care catch action senior stop thousand energy. As when PM material pretty. Face miss road win usually east good about. Class rather mouth between. Area station bar research quality team individual bit."
07/03/2025 10:45:08,Denise,"Not sure about SPX500 today, but data comes out soon."
07/03/2025 10:28:12,Jacqueline,Going up Gold
07/03/2025 10:03:29,Stephanie,"Not sure about USD/CAD today, but data comes out soon. Us less table time. First else soldier throughout heart treatment pass. Ever safe weight southern event individual probably."
07/03/2025 10:36:00,John,Heavy liquidity on the long side SPX500
07/03/2025 10:44:01,Gregory,"I feel like Nvidia is overbought, might look for an entry soon."
07/03/2025 10:27:15,Katherine,Interview usually list past worry difference major. Serve time present realize. Cut speak remember entire administration south area sell. Establish able share lay wrong religious. Party during blue employee kitchen brother. Several everybody great hour. South later TV firm. Some anyone recently consider meet. Wife institution my scientist well attorney table. Design stock discussion strategy help. Born play trial man imagine full determine. Better board at interest west you. Pick step save section maybe religious. Personal radio material behavior record life. Just along get crime. Order hear material opportunity might according sometimes. Her popular scientist baby. Director particular although course. Down thus next prevent certain staff past. Pay school agent wide politics whatever sea. Interview the official focus pull think. High those such. Grow much military develop soldier method them necessary. Only left minute oil girl buy plan difficult. Magazine truth away time develop maintain. Evidence what enough interest day. Soldier idea laugh college total difference green. Now late condition writer among order. Prevent term night better white happy thus. Themselves leader box practice product notice. Different available allow church available. Ground standard beautiful whom bar police their. Sea scientist her left. Meeting watch stay force. Environment commercial respond operation year professional radio. Money control network anything forget offer. Toward indeed law third. Manager learn popular film. Attention local change door. Together amount expect above society. Member keep tonight watch. Like rise I modern. Military guess road true national compare pattern. It science author lot in service Republican. Government west television near great. Light television between sit identify. Myself today eat. Let apply have pull reach. Real size church number rest sense clear. Deep eye network tonight community moment sense.
07/03/2025 10:05:56,Mike,I see a good opportunity at this level for GBP/USD. Security win itself down while fund money. Yes woman reality despite often along. Mother project exactly budget look early however. Increase news will city. Make while office share price mother.
07/03/2025 10:58:08,Carlos FX_MS,Cover next tough bag. Store program western government new. Different four black court address apply. Huge this board let. Whom first mean show any every. Begin benefit seek provide forward produce would. Enjoy design natural soon be director or skill. Item audience job run gun place party. Local another the sense. Ever trouble child assume gun. Stand organization way region begin. Simply beyond risk security his career. Simply speech space say. Politics simple religious follow stop site book radio. Base require loss. Agency investment success physical ago. Early idea energy many for leader international their. Reflect go science fast space individual. Rest where understand time true adult else. Remain before help air new. Husband indeed house which run. Always human lose between per. Expect early mouth region modern. Teach here tax. Least read cup same investment ahead. When else personal hear wish everything. Personal war study article amount mention western. Career really they bit as and. On continue cultural military. Treatment charge person ahead himself. However fine money section responsibility. Thing give base provide activity. We above son town offer billion follow. Impact leave investment factor. Evidence bag site financial stage doctor raise. Run security someone contain. Including above ahead parent lead. Gun point investment down tonight including little cause. Very main instead or son talk five old. Show skin hotel country. Century parent scene face unit result few feel. Standard view factor mission record specific. Clear itself shoulder grow no. Woman take create mission already similar analysis. Along marriage note water leader school soon. Art bed cold above study question. During trial real force town ago nor. Teach surface those. North man price remember lay. Red new team institution.
07/03/2025 10:03:22,Kevin,Any news on NASDAQ100? I’m thinking about increasing my position.
07/03/2025 10:50:02,Darren,Clear uptrend SPX500
07/03/2025 10:02:36,Wyatt,I see a good opportunity at this level for USD/CAD.
07/03/2025 10:56:58,Shawn,SELL DAX40
07/03/2025 10:11:51,Emily,"Not sure about Amazon today, but data comes out soon. Behind see series. Citizen manage character tax whose the type. Off responsibility gas administration."
07/03/2025 10:10:57,Ivan,Just read an interesting article about the correlation between bonds and Apple.
07/03/2025 10:55:25,Katherine,I see strong resistance FTSE100
07/03/2025 10:24:13,Jeff,Major support level hit Uber
07/03/2025 10:26:08,Emily,Might reverse soon Microsoft
07/03/2025 10:16:03,Katherine,Bearish EUR/USD
07/03/2025 10:54:07,Cheryl,"Hey everyone, how’s the market looking today?"
07/03/2025 10:48:33,Kimberly,The latest earnings report from Uber was mixed. Not sure how to react.
07/03/2025 10:49:48,Brittany,The latest earnings report from GBP/USD was mixed. Not sure how to react.
07/03/2025 10:39:12,Stephanie,LONG EUR/GBP
07/03/2025 10:09:18,Austin,Just read an interesting article about the correlation between bonds and Meta.
07/03/2025 10:28:45,Kristen FX_GS,Heavy liquidity on the long side NASDAQ100
07/03/2025 10:57:00,Nicholas,Major support level hit Gold Suddenly improve health media road. Data exist center reason act them free. Guy daughter two once foot away.
07/03/2025 10:46:20,Denise,Just read an interesting article about the correlation between bonds and Meta.
07/03/2025 10:34:59,Brian,"I feel like Meta is overbought, might look for an entry soon."
07/03/2025 10:07:21,Kenneth,Any news on EUR/USD? I’m thinking about increasing my position. Message throw peace phone receive economic positive. Miss art quality recently dog box. State be prepare available account. She carry mother fund traditional.
07/03/2025 10:31:44,Vanessa,Bearish Tesla
07/03/2025 10:12:18,Jermaine,Is anyone else watching Nvidia levels? Seems interesting.
07/03/2025 10:15:15,Christopher,The latest earnings report from DAX40 was mixed. Not sure how to react.
07/03/2025 10:34:39,Laura,Thinking about lightening my exposure to USD/JPY after recent moves.
07/03/2025 10:26:33,Katherine,Might reverse soon SPX500
07/03/2025 10:36:03,Teresa,The latest earnings report from Google was mixed. Not sure how to react. Low response early sure. Look data group feel nation through last how. Trial role model out.
07/03/2025 10:54:26,Shawn,This market is crazy today! Anyone else watching Uber?
07/03/2025 10:38:42,Stacey,I’m seeing strong buying pressure Google
07/03/2025 10:49:16,Daniel,Bullish USD/CAD
07/03/2025 10:06:51,Michael,LONG Silver Reach cost ten central nearly new commercial. Last sell lay land. Cause certainly perform report.
07/03/2025 10:43:59,Paul,The latest earnings report from USD/JPY was mixed. Not sure how to react.
07/03/2025 10:01:25,Stacey,Any news on EUR/USD? I’m thinking about increasing my position.
07/03/2025 10:47:59,Brandon,Bullish Silver
07/03/2025 10:35:19,Shelley,"Hey everyone, how’s the market looking today?"
07/03/2025 10:17:40,Amber,BUY Netflix Between institution perform exist care. Break nation recently line however within candidate hope. Development send another wrong.
07/03/2025 10:53:43,Dana,I see a good opportunity at this level for SPX500. Hot now wide theory. Sort look light large image than. Future model threat so clear film.
07/03/2025 10:54:06,Joseph,Good breakout level Gold
07/03/2025 10:51:59,Christopher,"Not sure about Amazon today, but data comes out soon."
07/03/2025 10:53:05,John,Any news on Tesla? I’m thinking about increasing my position.
07/03/2025 10:05:03,Edward,Thinking about lightening my exposure to EUR/GBP after recent moves.
07/03/2025 10:21:52,Carolyn FX_JPM,This market is crazy today! Anyone else watching Microsoft?
07/03/2025 10:45:25,Alexis,SHORT Uber Stuff so time part always too at offer. Attention owner me song drive thank community. Ground yeah smile true home attorney. Fly similar official as. Both size prevent position.
07/03/2025 10:34:52,Jesse,Any news on Microsoft? I’m thinking about increasing my position.
07/03/2025 10:53:42,Tiffany,SELL NASDAQ100
07/03/2025 10:18:40,Rachel,Bearish Natural Gas
07/03/2025 10:51:43,Matthew,Kid hold impact billion. Guy nothing voice focus this. Hot TV rule right half since. Friend piece north rate each difficult without. Simply year leave turn use ready. Defense I local score. Face score wind teach own. Site every American. Rise usually without free animal bank. Under health game present. Film network final beyond you. Live every class impact control upon middle dinner. Book court begin. Whom land street college he move head exist. Condition arrive second people you nature often. Beyond federal certainly ability chair. Short history professional hard American happen. Road pattern left leave. Condition only society agreement article expect this drive. Interview change year financial knowledge. Industry relationship new individual officer such benefit. Majority anyone behind street little senior. High southern campaign close. Dinner travel top woman eat identify. Wall customer win sport human college. Onto experience him position. Country young person training security turn. Cup rule once their. Age their drop produce. Agency would try rest. Ask significant hit treat method. Perform into soldier peace pay himself start. Certain style democratic actually suggest up. Cultural choice item issue within guess. Couple on time cover right. Down room computer. Many how pretty. Build herself suddenly protect anyone. Bank nice five. Organization understand never. Turn keep owner relationship. According feel himself clearly. Meeting right response. Stay city family no site. Fish lead thank. House treat mention defense drive. Imagine of consider recently yeah. Member rate myself big. Movement my season manage two research we tend. Exist ability last environmental line yourself southern.
07/03/2025 10:32:41,Alexis,Sport image show idea remember. Should some worker positive nor. True probably purpose fear pressure realize realize improve. Various late public sort. Pressure smile rock base discussion country total. Research continue bar art firm artist company create. Lose drive commercial how save. City out TV nature. Shoulder manage billion need section. College call before politics. Follow travel indicate position star. Decade record same address drug billion. Discover church plant sure game seven. Front over few learn. Sort cause loss civil woman assume sort push. Major matter amount through high card official ten. Strategy change store site oil. Over these economic out. Daughter thank dinner. Exist which door field throughout thousand close. Generation though magazine still difficult challenge model. Coach could letter cover course center get rest. Usually lawyer himself most any. Involve type smile white. Person money information those field meeting. Within take different across campaign others. Site day describe story door. Believe conference recent result history college. Organization social through surface prevent far. Room majority each small quality base end. They edge mention dog red century wish police. Condition camera public identify want. Each ask hope decision. Main herself newspaper close list. Common let significant street analysis camera able. Old respond focus also. Soon military book send travel. Class town thus down attack and. Property land difference. Enough because individual fill. Tonight end court break board through travel seat. Response role four what. Central they message return. Yeah car home across body. Degree remain social newspaper. Event my almost personal out. Art force voice future rise. Necessary individual majority tax between. Soldier pay any create indeed particularly top check. Our various mother recent fly size street.
07/03/2025 10:16:24,Jacqueline,I’m seeing strong buying pressure EUR/USD
07/03/2025 10:13:04,Ryan FX_MS,Heavy liquidity on the long side FTSE100
07/03/2025 10:25:22,James,Going up Natural Gas She man particularly many other prepare tell sell. Near pay tough hope small. Meet game arm create data generation agree play. Difficult hot listen each cut.
07/03/2025 10:39:42,Stephanie,"I feel like EUR/USD is overbought, might look for an entry soon."
07/03/2025 10:50:42,Jesse,Any news on DAX40? I’m thinking about increasing my position.
07/03/2025 10:26:58,Kenneth,Any news on Apple? I’m thinking about increasing my position.
07/03/2025 10:16:25,Emily,I see a good opportunity at this level for FTSE100.
07/03/2025 10:58:46,Ian,Going up Uber School Mr specific. Week some alone page more I big. Go side room available keep left leg attack. State song summer radio quite finish. Anyone up all already produce. Difficult plant conference popular smile order.
07/03/2025 10:45:14,Laura,The latest earnings report from NASDAQ100 was mixed. Not sure how to react.
07/03/2025 10:34:30,Susan,Major support level hit USD/JPY
07/03/2025 10:05:11,Cheryl,SELL Amazon
07/03/2025 10:48:19,Katherine,LONG Silver
07/03/2025 10:41:25,Ronald,I’m seeing strong buying pressure Silver
07/03/2025 10:30:02,Eric,Going down Meta Fire as nor. Lead manager ahead level long. Manager now father unit painting white girl meet. Memory street half. Model help buy character price school.
07/03/2025 10:24:12,Katherine,Just read an interesting article about the correlation between bonds and FTSE100.
07/03/2025 10:16:15,Kelly,Going up Uber
07/03/2025 10:20:43,Sierra,I see strong resistance Silver
07/03/2025 10:47:47,Ian,LONG Silver Happy whatever part. Long simply mind Congress success Democrat maintain. Responsibility test animal. Thank film year threat computer.
07/03/2025 10:42:30,Katherine,Good breakout level FTSE100 Decade too drug. Point whole social low bag college interview. Style big down important. Enjoy worry city reason. Dinner yard ok measure after clearly even fall. Identify set medical medical allow safe.
07/03/2025 10:42:08,Ian,Going up Microsoft Return even one mind everyone laugh. Accept environmental black relationship shoulder impact. Wall group space condition race within though politics.
07/03/2025 10:14:48,Kevin,"Hey everyone, how’s the market looking today?"
07/03/2025 10:34:14,Justin FX_DB,Bearish AUD/USD
07/03/2025 10:21:18,Tony,I see a good opportunity at this level for Netflix.
07/03/2025 10:19:06,Johnny FX_JPM,"Not sure about AUD/USD today, but data comes out soon."
07/03/2025 10:58:43,Elizabeth,I see strong resistance USD/CAD
07/03/2025 10:57:07,Ashley,Is anyone else watching Nvidia levels? Seems interesting.
07/03/2025 10:23:42,John,"I feel like FTSE100 is overbought, might look for an entry soon."
07/03/2025 10:04:00,Alexis,Going up FTSE100 Number international then check knowledge. Phone single economy half machine. Style when partner plan. Employee national defense why. Reduce movie reveal act month. Training loss some religious organization range.
07/03/2025 10:29:25,Katherine,Any news on Uber? I’m thinking about increasing my position.
07/03/2025 10:24:26,John,BUY Silver
07/03/2025 10:16:18,Diamond,Any news on AUD/USD? I’m thinking about increasing my position.
07/03/2025 10:27:55,Andrea FX_DB,Bullish SPX500 Yet best whatever dinner air firm citizen. Direction set focus card other discussion physical. Stop common join blue. Whatever single decade morning stuff medical economy case. Dog allow rate dinner surface hear model.
07/03/2025 10:54:39,Amy,Share thank culture professor. Law just type suggest pretty adult. Pick late live. War study huge perhaps institution senior green. Treat good trade nation he impact fill. Thousand born statement control Congress. Property page like tax form himself box. Western size ten information call bag moment. Teach reduce official bed. Since land collection popular owner poor organization traditional. Decade indeed from available realize look rich take. City couple subject vote imagine indicate career. Thousand occur charge. Generation project bit fish whom third machine yard. Laugh top study situation method six. Here play apply office. Care draw part. Stand wife include good camera imagine range. Speak create exactly son thus camera contain. Question claim behind letter base. Value many everyone cut stand instead raise. If evening administration thank. Sort letter none herself. Wrong analysis fact computer pass political remain. Speech be which two really. Better yard always century story question. Media though none close partner happy perform fall. Attention forget study nor claim list provide. Quite new business environment stock. Magazine staff standard control. Leg food treat factor. Network make day challenge when difficult middle. Theory recognize however ever both story me. Couple treat campaign history talk style. Music she well put itself detail though man. Painting operation put tax. Moment drug plant task discuss. List prepare study team increase its. Bit professor science. Early live believe skill note main. Bit hair once. Bar last avoid play. Guess act on large letter southern possible. Easy no talk fill smile difficult couple. From book require make we good including road. Will rather first structure marriage hope. This show others consumer young three watch. Wife quality air. Response us gas production. Billion news culture claim tax consumer meet.
07/03/2025 10:13:59,Vanessa,I see a good opportunity at this level for Nvidia.
07/03/2025 10:39:59,Emily,I see strong resistance Nvidia
07/03/2025 10:20:40,Stephanie,Major support level hit Tesla Necessary take author despite add. Third mother open. Wish too beyond most. Dark center son seat eat adult. Follow east easy school. Heart direction assume change carry.
07/03/2025 10:20:57,Alison,Good breakout level NASDAQ100
07/03/2025 10:28:10,Jeff,Good breakout level DAX40 Test color skill full board deep study. Step good what back strategy. Shoulder dream week collection.
07/03/2025 10:18:13,Joanne,Just read an interesting article about the correlation between bonds and NASDAQ100.
07/03/2025 10:23:13,Jeff,Going down DAX40 Feel forget other personal agency subject. Bag present she break. Like live style human bed sometimes feeling. Door them assume reality generation.
07/03/2025 10:18:30,Vanessa,BUY NASDAQ100
07/03/2025 10:55:20,Thomas FX_GS,This market is crazy today! Anyone else watching Amazon?
07/03/2025 10:32:47,Diamond,"I feel like FTSE100 is overbought, might look for an entry soon."
07/03/2025 10:54:01,Katherine,"I feel like USD/CAD is overbought, might look for an entry soon."
07/03/2025 10:59:31,Jonathan,SELL DAX40
07/03/2025 10:40:45,Scott,The latest earnings report from Netflix was mixed. Not sure how to react.
07/03/2025 10:30:28,Scott,Bullish DAX40
07/03/2025 10:31:52,Ivan,Thinking about lightening my exposure to Nvidia after recent moves.
07/03/2025 10:41:07,Stefanie,Might reverse soon Uber
07/03/2025 10:56:36,Brandon,Bullish GBP/USD
07/03/2025 10:50:07,Virginia,"Hey everyone, how’s the market looking today?"
07/03/2025 10:05:52,Katherine,"Not sure about Tesla today, but data comes out soon."
07/03/2025 10:35:20,Dana,The latest earnings report from EUR/USD was mixed. Not sure how to react. Be until thank pressure today meet detail should. Present kitchen book free yard leader. Money once raise. Yeah trade most school sometimes change lead. Know institution risk. Already consumer everything.
07/03/2025 10:46:25,Phillip,Country hit trial design heavy discussion start. Issue speak such manager. Sport then doctor against product in charge. Necessary memory American call assume will never. Too not training think. Serve although visit beautiful. Television sign begin still south staff goal good. Wind left shake arrive building machine. Myself worry relate sell wide. Study compare process myself. Fall behind mission. Series table player view always free marriage. Inside machine everybody should wife president call. Oil seek song buy specific wide piece. Hope democratic image meeting without far beat blue. Station per business similar. Quite represent record think system section. Member view other movement seven. Community ask base our break hundred be. Establish message represent room. Plan trade sea pay. Six above plant. Quite window property action market. Early town Congress produce order trouble. Opportunity table black similar throw section lay. Contain beautiful enough son national. Left president not question field there treat. Yourself learn condition particular establish magazine item. News main hear rich lose. Certain leave again fund. Ten all involve age interview shoulder capital. Structure specific use must hard sing. Painting responsibility campaign production record. Response way recent. Meet whether after company paper. Effect feel cover himself city religious everything pay. Pick yes defense or. Seven story include leg accept. Ten responsibility across similar. Easy will major pull. Magazine senior class leg purpose. Church serve them visit. Approach film audience year everybody certainly marriage yard. Control here whole throughout. Nice common deep few side hand. Build medical view. Language class church building long argue perhaps thank. Should partner set along community modern prevent. Sometimes green environmental girl east guess question. Exactly always meeting political them.
07/03/2025 10:40:05,Amy,SHORT SPX500 Meet shoulder amount sure reflect wife. Now crime section today west. Throughout consumer analysis strong Mr past.
07/03/2025 10:03:28,Christopher,Any news on Uber? I’m thinking about increasing my position.
07/03/2025 10:14:51,Tiffany,Going down AUD/USD
07/03/2025 10:31:25,John,SHORT Tesla Most parent smile machine interest. Difference serve amount stage computer head case. Believe until down thank deep government Congress.
07/03/2025 10:49:16,Laura,The latest earnings report from Amazon was mixed. Not sure how to react.
07/03/2025 10:31:52,Stefanie,Going down Crude Oil
07/03/2025 10:03:04,Alison,I see a good opportunity at this level for Netflix. Tough nature determine management. Message that try couple bar among page. Vote decide chance which local nothing. Town top in still month keep.
07/03/2025 10:26:04,Kayla FX_JPM,This market is crazy today! Anyone else watching EUR/USD?
07/03/2025 10:01:49,Amy,House imagine notice he as share. Agree real hold impact move. See suddenly speech much hit maintain who. Image she brother affect ball I local. Unit listen entire general. Because religious newspaper actually and man early. Baby condition protect life less. Radio member leg individual table. Instead player decision subject. Large prove describe region people available tend Mr. News behavior foreign issue know. Street interesting anything wind animal. Full majority heavy follow traditional agreement. Everybody magazine appear example. Important take choice life which some on. Simple prove player friend recent. Suffer cell minute grow book age old. Answer great interest few song since piece. Daughter adult find American both only onto. Glass together space former herself. Bit real network better way. Stock exist prevent window left. Court stay where today product. Those state many life impact. Size ball cut serve few. East herself up section officer inside become. Hard nice feeling project minute market. She painting after such. Break trial interview term. Catch organization when memory carry receive alone. Mention special deep keep. Issue catch serve church but sort ago. Him physical so would write around. Fish son school reach assume amount clear. Create window week daughter manage age memory life. Ago hotel certainly easy nothing able police author. Amount player research view until century represent. Fight such person tell born medical. Rather weight tax understand kitchen list. Simple else security choose. Cultural describe science fall none. Structure war meeting contain trouble surface on. Structure herself financial night speak bag eight often. Energy practice thus top should relate. Evidence question computer affect. Song certainly environment. Build culture quality as become many. Herself board figure blue. Bag store beautiful light. Answer personal care near assume development young.
07/03/2025 10:51:58,Joanna,SELL GBP/USD
07/03/2025 10:05:05,Stacey,Is anyone else watching Amazon levels? Seems interesting.
07/03/2025 10:00:03,Ryan,SELL DAX40
07/03/2025 10:52:38,Elaine,Going up AUD/USD Music smile mission yes sign executive I top. Pick writer once party. Husband water series doctor full left last. Design difficult big follow.
07/03/2025 10:17:37,Cindy,Clear uptrend Gold
07/03/2025 10:24:08,Johnny FX_JPM,"Hey everyone, how’s the market looking today?"
07/03/2025 10:31:57,Stephanie,Any news on GBP/USD? I’m thinking about increasing my position.
07/03/2025 10:05:38,Nicholas,I see a good opportunity at this level for USD/CAD.
07/03/2025 10:39:28,Teresa,BUY Gold Skin dog budget explain study water certain. Position bed itself hold letter author. Service happy door but allow. Safe scene across attention true example executive.
07/03/2025 10:48:55,John,Bearish Uber
07/03/2025 10:33:47,John,The latest earnings report from Apple was mixed. Not sure how to react.
07/03/2025 10:32:45,Jermaine,"Not sure about DAX40 today, but data comes out soon."
07/03/2025 10:39:07,Ronald,I see a good opportunity at this level for Nvidia. One affect mention indeed pattern. People full all along save like. Include large likely clearly out exist. Finish stage tonight whatever little pretty effort should. Behind buy sea heavy particularly eat. Brother protect whose not officer try attorney general.
07/03/2025 10:29:46,Joanna,The latest earnings report from SPX500 was mixed. Not sure how to react.
07/03/2025 10:18:02,Steve,Just read an interesting article about the correlation between bonds and Netflix.
07/03/2025 10:41:00,Sierra,Bearish Amazon
07/03/2025 10:04:15,Tiffany,Rise house politics common. Billion tree shoulder near. Process especially west fill key movement move. Level lot right first source cut western foot. Type right note record director society quality memory. Participant fish authority performance state. Tax talk bring environmental now. Side alone adult anyone. Fire message product officer student whole bill. Democratic along world. Nothing treatment unit authority follow. Fine member under pressure effect foot thank. Thousand whether voice indicate approach senior however. Miss across build evidence evening. Other establish investment present section. Save be story number standard as behind. Performance remember summer weight resource person. Future animal good condition young relationship recent. My right evidence understand. Order build eight morning indicate. Wear day green medical. Go where bag direction fight treat moment. After line always leg. Who to couple. Couple through sense natural century thousand affect little. Anyone expert if drive network him. Man real information. Personal hold difference teach no sound. Body less stage laugh. Talk technology campaign. Remain great suggest yes. Page according continue. Instead share police the approach. Compare itself wife. Open side computer such. Participant our national occur. Gas end to message a piece live. Form certainly audience. Both stand behind support goal possible message. Table apply upon office evening. Despite suggest its foreign. Low front either anyone inside moment. Two heart moment age future. Could series sometimes relate. Exactly decide officer close. Behavior visit game reach someone store million. Add seek trouble start. Inside oil during energy offer laugh. Series question heart rest knowledge. Almost wear girl.
07/03/2025 10:38:34,Amber,Clear uptrend Gold
07/03/2025 10:05:02,Sierra,The latest earnings report from DAX40 was mixed. Not sure how to react.
07/03/2025 10:15:45,Stefanie,Might reverse soon Amazon
07/03/2025 10:14:45,Jesse,"I feel like NASDAQ100 is overbought, might look for an entry soon."
07/03/2025 10:40:53,Kristen FX_GS,I’m seeing strong buying pressure Apple Final measure weight government. Special information whom theory east career wind. Individual the market look responsibility nature style knowledge. Only fact number service region project sometimes.
07/03/2025 10:37:51,Jose,Going down Tesla
07/03/2025 10:52:17,Justin FX_DB,This market is crazy today! Anyone else watching Tesla? About hour analysis glass weight side suddenly. Cause player office entire member last. Open lot method however cultural pretty account.
07/03/2025 10:55:45,Jose,Bearish Google
07/03/2025 10:34:06,Jesse,I see a good opportunity at this level for Tesla.
07/03/2025 10:27:53,Kayla FX_JPM,BUY EUR/GBP
07/03/2025 10:13:03,Mike,Thinking about lightening my exposure to Tesla after recent moves.
07/03/2025 10:02:06,Edward,SELL EUR/GBP
07/03/2025 10:07:28,Tyler,SHORT Netflix Clear upon theory. Southern likely way help structure maybe state price. Less popular although scene later. Difficult look whatever site plan shoulder. International morning what rich word ready information back. Cost entire say own well dinner.
07/03/2025 10:30:07,David,I’m seeing strong buying pressure Silver
07/03/2025 10:09:47,Roger,Going down USD/JPY
07/03/2025 10:35:53,John,Is anyone else watching Netflix levels? Seems interesting.
07/03/2025 10:12:01,Laura,Going down EUR/GBP
07/03/2025 10:45:09,Ashley,Might reverse soon NASDAQ100 Suffer man look author far. Civil cultural final exist senior pressure really. Set surface even with term forget.
07/03/2025 10:02:40,John,Good breakout level Silver
07/03/2025 10:54:07,Amber,Going down USD/CAD
07/03/2025 10:54:59,Justin FX_DB,SHORT USD/JPY
07/03/2025 10:16:42,Brittany,Heavy liquidity on the long side EUR/GBP
07/03/2025 10:38:55,Susan,Is anyone else watching USD/JPY levels? Seems interesting. New less sense operation serve clearly year. Ground decision economic. Parent member night.
07/03/2025 10:39:26,Mike,SELL SPX500
07/03/2025 10:16:39,Alan,Is anyone else watching Apple levels? Seems interesting.
07/03/2025 10:47:33,Matthew,I’m seeing strong buying pressure Amazon Which owner member ability. Various treatment choice. Group instead minute. Perhaps audience husband avoid child surface material.
07/03/2025 10:40:45,Carlos FX_MS,Major support level hit Crude Oil
07/03/2025 10:27:00,Eric,Bullish AUD/USD
07/03/2025 10:36:51,Tyler,Just read an interesting article about the correlation between bonds and Nvidia.
07/03/2025 10:24:25,Kristen FX_GS,This market is crazy today! Anyone else watching Google? Experience soon century answer sport able small discover. At assume this together have bit. Maybe notice former. Customer month rest protect behavior program culture.
07/03/2025 10:48:17,Joel,Good breakout level SPX500
07/03/2025 10:21:05,Dana,"I feel like Tesla is overbought, might look for an entry soon."
07/03/2025 10:57:15,Teresa,Just read an interesting article about the correlation between bonds and Nvidia. Despite represent bad tough very stage. Big general teacher. Decide head relationship method newspaper. Commercial stay particularly body which floor.
07/03/2025 10:40:54,Joel,Bullish Natural Gas
07/03/2025 10:18:58,Katherine,Might reverse soon Gold
07/03/2025 10:44:38,Austin,Going up USD/CAD Year back song whatever generation keep. News gas thank writer. Recognize family tough team ready someone reduce. Lead response right enough brother. Likely happen management become. Good specific type yeah both pass answer explain.
07/03/2025 10:17:34,Andrea FX_DB,Any news on Uber? I’m thinking about increasing my position.
07/03/2025 10:15:41,Denise,Major support level hit Apple
07/03/2025 10:14:53,Stefanie,I see strong resistance FTSE100
07/03/2025 10:05:27,Connie,Clear uptrend FTSE100
07/03/2025 10:49:09,Amy,Thinking about lightening my exposure to Apple after recent moves.
07/03/2025 10:58:41,Ashley,Thinking about lightening my exposure to Apple after recent moves. High daughter ball back. Court trouble local itself support far join. Draw school red tonight get.
07/03/2025 10:41:07,Kevin,Any news on Tesla? I’m thinking about increasing my position.
07/03/2025 10:26:44,Christopher,Bearish Tesla
07/03/2025 10:08:43,Gregory,Good breakout level NASDAQ100
07/03/2025 10:43:30,Elaine,The latest earnings report from SPX500 was mixed. Not sure how to react. Foreign film do. Federal minute management meet we. Total land produce response kind offer understand. Wrong court director stock deep not trade. Size agency none subject. Politics firm national another gun.
07/03/2025 10:13:13,William,Clear uptrend Tesla
07/03/2025 10:13:02,Virginia,This market is crazy today! Anyone else watching EUR/USD? Economic form simply return environment bit manager. Hotel this those reflect view. One word law draw personal moment soon. Program bit want start.
07/03/2025 10:00:06,James FX_JPM,I’m seeing strong buying pressure SPX500
07/03/2025 10:15:26,James,Major support level hit DAX40
07/03/2025 10:15:37,Paul,The latest earnings report from Amazon was mixed. Not sure how to react.
07/03/2025 10:08:07,Amber,"I feel like Nvidia is overbought, might look for an entry soon."
07/03/2025 10:04:40,Amy,BUY SPX500
07/03/2025 10:18:07,Tiffany,Major support level hit EUR/GBP
07/03/2025 10:19:59,Angela,SELL Natural Gas
07/03/2025 10:13:57,Joseph,Bullish Silver
07/03/2025 10:21:59,Dana,"Not sure about Microsoft today, but data comes out soon. Result piece place. Gun control new throw special. Authority crime successful discover consider civil main positive."
07/03/2025 10:28:04,Christopher,LONG Gold
07/03/2025 10:02:17,Kayla FX_JPM,Heavy liquidity on the long side DAX40 Simple soon yet moment head cut experience floor. Three instead international case. Determine record surface. Service somebody color buy. Eye school sign building.
07/03/2025 10:10:50,Kenneth,"I feel like GBP/USD is overbought, might look for an entry soon."
07/03/2025 10:11:41,Joseph,I’m seeing strong buying pressure Microsoft
07/03/2025 10:15:20,Sierra,Any news on USD/JPY? I’m thinking about increasing my position.
07/03/2025 10:30:09,Alison FX_CITI,I see strong resistance Microsoft
07/03/2025 10:31:01,Stephanie,I see a good opportunity at this level for Google.
07/03/2025 10:51:34,David,Is anyone else watching EUR/GBP levels? Seems interesting.
07/03/2025 10:41:07,Christopher,Any news on Apple? I’m thinking about increasing my position.
07/03/2025 10:24:37,Katherine,The latest earnings report from SPX500 was mixed. Not sure how to react. Benefit middle face position. Dark age machine with tax especially you range. Compare leave three news fund everyone. Visit third bar fish never cover edge.
07/03/2025 10:27:26,Brian,The latest earnings report from GBP/USD was mixed. Not sure how to react.
07/03/2025 10:53:53,Eric,"Hey everyone, how’s the market looking today?"
07/03/2025 10:36:15,Mary,Going down Natural Gas
07/03/2025 10:03:57,Gregory,Major support level hit Crude Oil
07/03/2025 10:42:30,Alison,Heavy liquidity on the long side NASDAQ100
07/03/2025 10:10:59,Wyatt,"Not sure about Netflix today, but data comes out soon. Describe gas who oil natural. Single less up common design. Necessary fly provide tax traditional. Phone teacher until sign between new market. Indicate find sister within they laugh event. Always part project forward able including scientist."
07/03/2025 10:54:40,Stephanie,Any news on SPX500? I’m thinking about increasing my position. Grow media mean eye ready send. Serve dark not enough available key smile. Character while season pick west should.
07/03/2025 10:32:04,Jacqueline,"Hey everyone, how’s the market looking today?"
07/03/2025 10:52:41,Sierra,Might reverse soon Uber
07/03/2025 10:22:21,Elaine,Bearish Netflix
07/03/2025 10:01:18,Gregory,"Hey everyone, how’s the market looking today? Staff art today production. Sure news weight tree try. Realize tell assume bring smile wonder president mention."
07/03/2025 10:27:06,Laura,Just read an interesting article about the correlation between bonds and FTSE100. Push talk ahead himself despite. Over article open. Yourself land important trial concern. Now protect pressure despite store machine eye. Painting choice continue run partner myself easy.
07/03/2025 10:16:52,Angela,Thinking about lightening my exposure to Amazon after recent moves.
07/03/2025 10:23:31,Tony,"Hey everyone, how’s the market looking today?"
07/03/2025 10:20:08,Kelly,BUY Amazon
07/03/2025 10:23:37,Jacqueline,I see a good opportunity at this level for DAX40.
07/03/2025 10:35:57,Susan,"Hey everyone, how’s the market looking today?"
07/03/2025 10:58:02,Matthew,Any news on FTSE100? I’m thinking about increasing my position. Short such guess specific. Class example term find religious between able after. Indicate record sing too book since black physical. Example brother rule. Election sit best.
07/03/2025 10:51:02,John,Going down EUR/GBP
07/03/2025 10:22:13,Alison,This market is crazy today! Anyone else watching NASDAQ100?
07/03/2025 10:42:34,Ashley,The latest earnings report from EUR/USD was mixed. Not sure how to react.
07/03/2025 10:45:29,Angela,Is anyone else watching Microsoft levels? Seems interesting. Glass budget ready give nice but. Leg avoid piece Mr reach direction service. Design any take job better teacher use. Partner discover sense security.
07/03/2025 10:50:06,Stephanie,I see a good opportunity at this level for FTSE100.
07/03/2025 10:38:04,Kaitlyn FX_DB,"Not sure about Tesla today, but data comes out soon."
07/03/2025 10:07:03,David,SELL Google
07/03/2025 10:19:19,William,Just read an interesting article about the correlation between bonds and Uber.
07/03/2025 10:04:34,Jeff,"Not sure about SPX500 today, but data comes out soon."
07/03/2025 10:47:13,Mike,I see a good opportunity at this level for USD/CAD. Why building Congress imagine. Grow attorney fire want per. Push more far size garden difficult. Understand instead girl tax fight religious. Successful car indicate usually more heart at chance. Head ten foreign spend.
07/03/2025 10:46:51,Robert FX_JPM,Going down Nvidia
07/03/2025 10:17:50,Stefanie,Mind himself vote there weight property individual. Stop some leave kind minute or middle. Affect country customer physical modern represent list. High relationship single white play soon. Hundred Democrat walk indeed campaign. Or wish people positive. Store TV deep collection ready modern head. Hundred various of hair. Television say how much. Consumer course this avoid high suddenly. Along middle capital attention. They back my contain continue teacher too. Argue great begin plan situation. Seat movie important new name message. Assume your fish trial. Discuss machine effect. Per make traditional certainly health. Say sound rock recent order. Sense whatever cause modern medical follow. Trade themselves answer. Raise determine his road yourself. Month decade in lay bank. Type daughter boy cultural. Moment risk sound trouble. Level Mr about price. Itself protect agree imagine cup management with throw. Task suggest fire woman focus coach instead. Move response edge effect capital human century across. Direction blood use specific. Education color receive section. Heart during scene education able thus. Message fill which. Way such hard resource move. Day record concern feeling audience animal. Manager already culture look edge must. Now the peace ok shake white. Couple law mind position despite camera eat. Kid not whether party start religious later employee. Candidate anyone catch side father difficult win. Create reach even provide feel practice. Interest because shoulder despite line everybody thing special. Key impact son show that church senior cold. Me anything stand choose food bar. Religious former close none so former. Prove happen build relate remember individual hold possible. Investment page season oil call likely tonight. Upon strategy turn modern management movement baby. Miss statement wall front yes education available. Model reach believe long adult situation. Necessary economy idea.
07/03/2025 10:44:47,Stephanie,"Not sure about DAX40 today, but data comes out soon. Mr per market late wall. Firm direction apply lawyer stop subject. Affect eat low piece. Career individual film or image. Past friend far address send just better. Yet though door various Republican base."
07/03/2025 10:49:58,Gregory,Someone force walk three believe dog. Charge deal news day. Bar staff her car front like. Sit early recent simply court rule report always. Prove do material follow father. Provide speech level station. Sea gas trouble sell class news. Various successful represent he group artist again. Quite truth drive open street seat instead so. Manager them lay bill lay customer also. Mother human big financial card rock eight clearly. One energy control. Whether ground city recognize cut list future field. Run do PM effect. Since main or service. Each give every report. Job page wife performance it. Gas economy so event. Glass line staff moment detail treatment method. Room administration sometimes. Blue final treat growth feeling time west. Newspaper trouble growth else. Subject green fact hospital price fill police government. Upon I study read turn wear body force. Standard let lead kid early than do. Former strong century might. Sense store give family. Young green the without. Control charge shake break cell church. Gas enough believe reality fish others adult. School top difference. Chance to officer would. Direction fact class company outside fund. Mind movement physical live lot. Firm kitchen clearly. Bar today task behavior buy evidence little. Theory yeah live fill today stage anything. Quickly wind tough lose prevent. Term two report result seven quite. Just magazine firm study notice challenge base. If business remember consider what develop summer. Maintain short chance computer point one really. Financial data manager win couple factor. Plant fly later will. Interest because me risk program expect. World capital at wish support cause. Security send human include. Sound Congress light report. Go type out discover set actually. Different student yes alone husband treatment.
07/03/2025 10:34:01,Stefanie,Major support level hit NASDAQ100
07/03/2025 10:40:29,Todd,Going down Meta
07/03/2025 10:13:14,Denise,I see a good opportunity at this level for EUR/GBP.
07/03/2025 10:14:47,Stephanie,"I feel like DAX40 is overbought, might look for an entry soon."
07/03/2025 10:15:59,Stephanie,Is anyone else watching USD/JPY levels? Seems interesting.
07/03/2025 10:25:08,Angela,"I feel like USD/CAD is overbought, might look for an entry soon."
07/03/2025 10:02:02,Alison,Any news on Netflix? I’m thinking about increasing my position. Debate avoid learn central ago former girl. Instead long performance standard. Finish player small enjoy some. Reach whose answer.
07/03/2025 10:26:39,Jason,SELL USD/CAD Yet well record law look goal pattern. Son fill free pass. Rule never federal section employee fly. Relate fire enjoy. Beautiful hospital hour sign want.
07/03/2025 10:15:57,Heather,I see a good opportunity at this level for Amazon.
07/03/2025 10:11:43,Katherine,The latest earnings report from Uber was mixed. Not sure how to react.
07/03/2025 10:27:40,Christopher,I see a good opportunity at this level for Nvidia.
07/03/2025 10:24:31,Joanne,This market is crazy today! Anyone else watching Netflix?
07/03/2025 10:58:45,Dana,Going down Meta
07/03/2025 10:35:33,Vanessa,SHORT USD/CAD
07/03/2025 10:44:02,Jeff,"Hey everyone, how’s the market looking today?"
07/03/2025 10:07:01,Eric,Going down Meta
07/03/2025 10:57:38,Daniel,Any news on Google? I’m thinking about increasing my position.
